{"cameraMode":{"drawMode":0,"name":"Shaded","section":"Shading Mode"},"sceneLighting":true,"audioPlay":false,"sceneViewState":{"showFog":true,"showMaterialUpdate":false,"showSkybox":true,"showFlares":true,"showImageEffects":true,"showParticleSystems":true},"in2DMode":false,"pivot":{"x":-1.2771958112716675,"y":3.901603937149048,"z":-3.3618762493133547},"rotation":{"x":0.026102744042873384,"y":0.963154137134552,"z":-0.10150637477636337,"w":0.24768784642219544},"size":0.04439997673034668,"orthographic":false}