{"cameraMode":{"drawMode":0,"name":"Shaded","section":"Shading Mode"},"sceneLighting":false,"audioPlay":false,"sceneViewState":{"showFog":true,"showMaterialUpdate":false,"showSkybox":true,"showFlares":true,"showImageEffects":true,"showParticleSystems":true},"in2DMode":false,"pivot":{"x":4.168632507324219,"y":12.460749626159668,"z":-11.455915451049805},"rotation":{"x":0.16105054318904878,"y":-0.05416128784418106,"z":0.008851579390466214,"w":0.9854191541671753},"size":5.541659355163574,"orthographic":false}